Workbook

Sheet Input WW
A1: Parameter | B1: Value | C1: Unit | E1: Parameter | F1: Value | G1: Unit
A2: pH_in | B2: 6.5
A3: Plant Daily Capacity | B3: 100 | C3: MLD | E3: Plant Daily Capacity | F3: =B3*10^6/1000/24/60/60 -> 1.1574074 | G3: m3/s
A4: pCO2 initial | B4: 15000 | C4: uatm/ppm
A5: CO2 conc | B5: =F5*44*1000 -> 29.451138 | C5: mg/L | E5: CO2 conc | F5: =B4*10^-6/22.41 -> 0.00066934404 | G5: mol/L
A6: Ca_in conc | B6: 180 | C6: mg/L | E6: Ca_in conc | F6: =B6/40*0.001 -> 0.0045 | G6: mol/L
A7: Temperature | B7: =273.15 + 25 -> 298.15 | C7: K
A9: Carbonate Speciation Constants:
A10: Constants
A11: pK1 | B11: =-(-356.309 - 0.0609*B7 + 21834.37/B7 + 126.8339*LOG(B7) - 1684915/(B7)^2) -> 6.3456085 | E11: k1 | F11: =10^(-1*B11) -> 4.512233e-07 | G11: mol/L
A12: pK2 | B12: =-(-107.887 - 0.032528*B7 + 5151.79/B7 + 38.92561*log(B7) - 563713.9/B7^2) -> 10.328608 | E12: k2 | F12: =10^(-1*B12) -> 0 | G12: mol/L
A13: pKw | B13: =-(-283.971 + 13323/(B7) - 0.0507 * (B7) + 102.24447 * LOG(B7) - 1119669/(B7)^2) -> 14.000002 | E13: kw | F13: =10^(-1*B13) -> 0 | G13: mol^2/L^2
A15: Parameter | B15: Value | C15: Unit
A16: H(+) | B16: =10^(-B2) -> 3.1622777e-07 | C16: mol/L | E16: Alkalinity | F16: =B18+B19*2-B16 + F13/B16 -> 0.0009550814 | G16: mol/L
A17: CO2_water | B17: =F5 -> 0.00066934404 | C17: mol/L | E17: Anions | F17: =2*F6 - F16 -> 0.0080449186 | G17: mol/L
A18: HCO3(-) | B18: =F11*B17/B16 -> 0.00095508257 | C18: mol/L | E18: DIC | F18: =sum(B17:B19) -> 0.0016245683 | G18: mol/L
A19: CO3(2-) | B19: =F12*F11*B17/B16^2 -> 1.4172049e-07 | C19: mol/L
A21: Check
A22: CO2 redn multiplier | B22: 2
A23: co2_w_effluent | B23: =B17/B22 -> 0.00033467202 | C23: mol/L
A24: CaCO3 saturation in effluent | B24: ='Output Effluent'!B3*'Output Effluent'!B6/'Calcium Carbonate Weathering'!B18 -> 0.87785427 | C24: has to be less than 100%
A25: HCO3-/CO3(2-) | B25: 0.998 | C25: Needs to be manually adjusted so that abs error is less than 10^-2 (solver is not working on google sheets)
A26: pH error | B26: ='Output Effluent'!E9 -> -0.0020047381
A27: pH 1 | B27: ='Output Effluent'!E7 -> 7.0313311
A28: pH 2 | B28: ='Output Effluent'!E8 -> 7.0293264

Sheet Calcium Carbonate Weathering
A1: Parameter | B1: Value | C1: Unit | E1: time resolution | F1: 1 | G1: s
A2: Flow Rate | B2: 100 | C2: MLD | E2: Flow/s | F2: =B2*1000000/24/3600*F1 -> 1157.4074 | G2: L/s
A3: Calcite initial particle size | B3: 10 | C3: mm | D3: Average particle size will be at steady state, considering we start with 10mm particles initially and constantly add 10 mm particles
A4: Average Particle Size in system at steady state | B4: 6.889 | C4: mm | D4: Calcite add and diameter steady state calculator.ipynb | E4: Particle Size | F4: =B4*10^-3 -> 0.006889 | G4: m
A5: Mol Mass | B5: 100 | C5: g/mol
A7: Constants
A8: limestone density | B8: =2.71*1000000 -> 2710000 | C8: g/m3
A9: E_H | B9: 14.4 | C9: kJ/mol
A10: Temp factor KdissH | B10: =exp(-1*B9/8.314*1000*(1/'Input WW'!B7 - 1/298.15)) -> 1
A11: E_H2O | B11: 23.5 | C11: kJ/mol
A12: Temp factor KdissH2O | B12: =exp(-1*B11/8.314*1000*(1/'Input WW'!B7 - 1/298.15)) -> 1
A13: E_OH | B13: 35.4 | C13: kJ/mol
A14: Temp factor KdissOH | B14: =exp(-1*B13/8.314*1000*(1/'Input WW'!B7 - 1/298.15)) -> 1
A15: K_diss_H | B15: =10^(-0.3)*B10 -> 0.50118723 | C15: mol/m2/s
A16: k_diss_H2O | B16: =10^(-5.81)*B12 -> 1.5488166e-06 | C16: mol/m2/s
A17: k_diss_OH | B17: =10^(-3.48)*B14 -> 0.00033113112 | C17: mol/m2/s
A18: K_sp_CaCO3 | B18: =10^(-8.35) -> 4.4668359e-09 | C18: mol^2/L^2
A19: n_H | B19: 1
A20: n_OH | B20: 1
A22: Beerling et al., 2020 | D22: if sphere with no cracks
A23: d_in | B23: =F4 -> 0.006889 | C23: m | D23: V | E23: =4/3*PI()*(B23^3) -> 1.3694846e-06
A24: b | B24: 0.35 | D24: mass | E24: =E23*B8 -> 3.7113034
A25: a | B25: =(1/2/0.0000000001)^B24 -> 2481.0728 | D25: SA | E25: =4*PI()*B23^2 -> 0.00059637885
A26: lamb | B26: =B25*B23^B24 -> 434.50439 | D26: SSA | E26: =E25/E24 -> 0.00016069256
A27: SSA | B27: =6/(B23*B8)*B26 -> 0.13964325 | C27: m2/g
A29: Saturation Index | B29: ='Input WW'!F6*'Input WW'!B19/B18 -> 0.14277269 | D29: At flow velocity greater than 0.5 m/s this can be considered constant (Curl, R. L. (1965). Solution kinetics of calcite) | F29: Theory
A30: Weathering Rate per SA | B30: =(B15*('Input WW'!B16)^B19 + B16+B17*('Input WW'!B16)^B20)*(1-B29) -> 1.463639e-06 | C30: mol/m2/s
A31: Weathering Rate | B31: =B30*B27 -> 2.0438731e-07 | C31: mol/g/s | F31: Bertagni et al., 2025 and Palandiri et al., 2004
A32: Wr per g | B32: =B31/F2 -> 1.7659063e-10 | C32: mol/g/L
A33: Moles CO2 avl. | B33: ='Input WW'!B17 - 'Input WW'!B23 -> 0.00033467202 | C33: mol/L | D33: strong acid loss% = | E33: 0 | F33: weathering/m2/s = | G33: (kH*H+kH2O + kOH*H ) *(1-saturation)
A34: Weight of CaCO3 | B34: =B33/B32/(1-E33) -> 1895185.6 | C34: g
F35: saturation | G35: ca*co3/ksp
A36: Tons CaCO3 Required | B36: =B34/1000000 -> 1.8951856 | C36: tons | D36: These many tons should always be in the system for releasing sufficient alkalinity to be able to remove 50% of the CO2 in the water
A38: Credits Generated | B38: =B33*24*3600*44/1000000*F2/F1 -> 1.4725569 | C38: tCO2e/day | E38: tons CaCO3 consumed | F38: =B38*100/44/(1-E33) -> 3.3467202 | G38: t/day | H38: this value will change only basis credits and strong acid loss
A39: Credits lost due to strong acid weathering | B39: =F38*44/100-B38 -> 0 | C39: tCO2e/day | D39: due to escape of CO2 in CaCO3 | E39: Limestone purity | F39: 0.8
A40: Net CDR | B40: =B38-B39 -> 1.4725569 | C40: tCO2e/day | E40: Limestone required | F40: =F38/F39 -> 4.1834003 | G40: t/day
A42: Credits per year | B42: =B40*365 -> 537.48327 | C42: tCO2e

Sheet Output Effluent
A1: CO2_w_removed | B1: ='Calcium Carbonate Weathering'!B33 -> 0.00033467202 | C1: mol/L
A3: Ca | B3: ='Input WW'!F6+B1 -> 0.004834672 | C3: mol/L
A4: CO2_w | B4: ='Input WW'!B17-B1 -> 0.00033467202 | C4: mol/L | E4: solve
A5: HCO3- | B5: ='Input WW'!B18+B1*E5*2 -> 0.0016230879 | C5: mol/L | D5: HCO3-/CO3(2-) | E5: ='Input WW'!B25 -> 0.998
A6: CO32- | B6: ='Input WW'!B19+B1*(1-E5) -> 8.1106453e-07
A7: H+ output | B7: =B4*'Input WW'!F11/B5 -> 9.3039823e-08 | D7: pH | E7: =-log(B7) -> 7.0313311
A8: H+ output | B8: =sqrt(B4/B6*'Input WW'!F11*'Input WW'!F12) -> 9.3470295e-08 | D8: pH check | E8: =-log(B8) -> 7.0293264
A9: Alkalinity | B9: =2*B3 -'Input WW'!F17 -> 0.0016244254 | D9: error | E9: =E8-E7 -> -0.0020047381
A10: Carbonate Alkalinity | B10: =B5+2*B6-B7+'Input WW'!F13/B7 -> 0.0016247245
A11: Error | B11: =if(B9-B10>0,"No Error in Alkalinity", "Error") -> Error
A14: input C | C14: output
A15: ='Input WW'!B17+'Input WW'!B18+'Input WW'!B19+B1 -> 0.0019592404 | C15: =B4+B5+B6 -> 0.001958571
B16: output - input | C16: =C15-A15 -> -6.6934404e-07

Sheet __OpenSolverCache__
A1: {"sheetId":969618882,"showStatus":true,"minimiseUserInteraction":false,"assumeNonNegativeVars":true,"checkLinear":false,"fastBuild":false,"linearityOffset":10.423,"solveStatus":-1,"solveStatusString":"Unsolved","solveStatusStringComment":"","modelStatus":2,"numVariableAreas":1,"variableAreaStrings":["Calcium Carbonate Weathering!B2"],"numVars":1,"varNames":["B2"],"varLocations":[[0,0,0]],"varKeys":["0_0_0"],"varRangeSizes":[{"rows":1,"cols":1}],"varNameMap":{"B2":0},"varValues":[],"varTypes":{},"lowerBoundedVariables":{},"objectiveSense":1,"objectiveTarget":null,"objectiveString":"Calcium Carbonate Weathering!B2","objective":{},"numConstraints":1,"numRows":1,"rowToConstraint":[0],"constraintToRow":[0],"rowCount":[1],"constraintSummary":["Calcium Carbonate Weathering!F18 = Calcium Carbonate Weathering!F19"],"relation":[2],"lhsString":["Calcium Carbonate Weathering!F18"],"lhsRangeSizes":[{"rows":1,"cols":1}],"lhsType":[1],"rhsString":["Calcium Carbonate Weathering!F19"],"rhsType":[1],"startVariable":1,"sparseA":[{"indices":[],"values":[]}],"rhs":[0],"costCoeffs":{"indices":[0],"values":[11.423]},"objectiveConstant":0,"solverShortName":"SolveEngine","solver":null,"solutionWasLoaded":false}

Sheet __OpenSolver__
A1: =ModelSheet=Output Effluent!A:Z -> #ERROR! | B1: =ModelSheet=Calcium Carbonate Weathering!A:Z -> #ERROR!
A2: =OpenSolver_AdjNum=1 -> #NAME? | B2: =OpenSolver_AdjNum=1 -> #NAME?
A3: =OpenSolver_ChosenSolver=Google -> #NAME? | B3: =OpenSolver_ChosenSolver=SolveEngine -> #NAME?
A4: =OpenSolver_FastBuild=0 -> #NAME? | B4: =OpenSolver_FastBuild=0 -> #NAME?
A5: =OpenSolver_LinearityCheck=0 -> #NAME? | B5: =OpenSolver_LinearityCheck=0 -> #NAME?
A6: =solver_adj=Output Effluent!E6 -> #ERROR! | B6: =solver_adj=Calcium Carbonate Weathering!B2 -> #ERROR!
A7: =solver_lhs1=Output Effluent!D6 -> #ERROR! | B7: =solver_lhs1=Calcium Carbonate Weathering!B2 -> #ERROR!
A8: =solver_neg=1 -> #NAME? | B8: =solver_neg=1 -> #NAME?
A9: =solver_num=1 -> #NAME? | B9: =solver_num=1 -> #NAME?
A10: =solver_opt=Output Effluent!E10 -> #ERROR! | B10: =solver_opt=Calcium Carbonate Weathering!B2 -> #ERROR!
A11: =solver_rel1=1 -> #NAME? | B11: =solver_rel1=2 -> #NAME?
A12: =solver_rhs1=Output Effluent!E6 -> #ERROR! | B12: =solver_rhs1=Calcium Carbonate Weathering!B22 -> #ERROR!
A13: =solver_sho=1 -> #NAME? | B13: =solver_sho=1 -> #NAME?
A14: =solver_typ=3 -> #NAME? | B14: =solver_typ=1 -> #NAME?
A15: =solver_val=0 -> #NAME? | B15: =solver_val=0 -> #NAME?
